{
  "publicPath": "",
  "all": [
    "assets/images/webpack.f7c50a929aa5ba64a63148ddad8ecb8f-pc.png",
    "assets/images/WaltDisneyScript.2c6c8954c7c84900f1b20cb7205e5bfb-pc.svg",
    "assets/images/fontawesome-webfont.912ec66d7572ff821749319396470bde-pc.svg",
    "assets/images/fontawesome-webfont.b06871f281fee6b241d60582ae9369b9-pc.ttf",
    "assets/images/fontawesome-webfont.fee66e712a8a08eef5805a46892932ad-pc.woff",
    "assets/images/fontawesome-webfont.af7ae505a9eed503f8b8e6982036873e-pc.woff2",
    "assets/images/fontawesome-webfont.674f50d287a8c48dc19ba404d20fe713-pc.eot",
    "assets/images/js.3b5dcee93d10496d86606620c309beeb-pc.png",
    "assets/images/node.5d051c93cb4c457cf66094c9779c1ddc-pc.png",
    "assets/images/angular.46a1e42dc43c9cd06b3ba3f77c344140-pc.png",
    "assets/images/h5.89987ba889fb0d60b6973d3d7534ef55-pc.png",
    "assets/images/react.06125b4572dbcac43b599bc7048ec498-pc.png",
    "assets/images/vue.2206ddeeb850a8be2b19c7d00c80cfb5-pc.png",
    "assets/images/WaltDisneyScript.f85453b96997ebc2f289a684cd96fdaf-pc.ttf",
    "assets/images/index-back.27d4e1fe45998b670c805f34a30043df-pc.jpg",
    "assets/images/user.9144475231cfc313905b9731435111ea-pc.jpeg",
    "favicon.ico?78991bd6396b60204ff2c509cde135ae",
    "0.47c6b6ce59e543c32187-pc.js",
    "1.cb6779e39bf9316b6899-pc.js",
    "2.0287313f7431e0d53e52-pc.js",
    "3.f2716ec452d22e42e9b8-pc.js",
    "4.da778612eaa08d814d86-pc.js",
    "manifest.0ed2636b0856688268bd-pc.js",
    "app.d3e465aa47f638f75c51-pc.js",
    "common.d3e465aa47f638f75c51.css",
    "common.0ed2636b0856688268bd.css"
  ],
  "initial": [
    "manifest.0ed2636b0856688268bd-pc.js",
    "app.d3e465aa47f638f75c51-pc.js"
  ],
  "async": [
    "0.47c6b6ce59e543c32187-pc.js",
    "1.cb6779e39bf9316b6899-pc.js",
    "2.0287313f7431e0d53e52-pc.js",
    "3.f2716ec452d22e42e9b8-pc.js",
    "4.da778612eaa08d814d86-pc.js"
  ],
  "modules": {
    "45378402": [
      22,
      25
    ],
    "3ffd01cf": [
      22,
      25
    ],
    "3904e328": [
      22,
      25
    ],
    "8958a39c": [
      22,
      25
    ],
    "61d0547e": [
      22,
      25
    ],
    "0fcf8cfc": [
      22,
      25
    ],
    "1184349a": [
      22,
      25
    ],
    "4e10609e": [
      23,
      24,
      16
    ],
    "405bbbac": [
      23,
      24,
      16
    ],
    "4aaf1104": [
      23,
      24,
      16
    ],
    "b184f01a": [
      22,
      25
    ],
    "ab47b276": [
      22,
      25
    ],
    "57981a52": [
      22,
      25
    ],
    "2cded6c5": [
      22,
      25
    ],
    "010c8e99": [
      23,
      24,
      16
    ],
    "1d13c681": [
      23,
      24,
      16
    ],
    "c5a991a2": [
      22,
      25
    ],
    "4800276e": [
      23,
      24,
      16
    ],
    "6c8cea1e": [
      23,
      24,
      16
    ],
    "54f10eb6": [
      23,
      24,
      16
    ],
    "6520bc26": [
      22,
      25
    ],
    "0d40f7b6": [
      22,
      25
    ],
    "549bfe2a": [
      22,
      25
    ]
  }
}